{"long_threshold": 0.7895274739604812, "short_threshold": 1.0560227358541217, "profit_target": 0.029286596742657475, "stop_target": 0.09478827924151897, "repeat_count": 10, "repeat_step": 1, "forward_window": 5}